<?xml version="1.0" encoding="UTF-8"?>
<MPD
	xmlns:xsi="http://www.w3.org/2001/XMLSchema-instance"
	xmlns="urn:3GPP:ns:PSS:AdaptiveHTTPStreamingMPD:2009"
	xmlns:oipf="urn:oipf:iptv:has:2010"
	minBufferTime="PT10S" 
	xsi:schemaLocation="urn:oipf:iptv:has:2010 ../iptv-HAS.xsd"
	 >
	<Period start="PT0S" segmentAlignmentFlag="true"  bitStreamSwitchingFlag="true">		

		<SegmentInfoDefault  
			sourceUrlTemplatePeriod="http://www.aService.com/aMovie/$RepresentationID$/Seg$Index$.3gs" >			
		</SegmentInfoDefault>

		<Representation  bandwidth="5000000" mimeType="video/mp4" 
			startWithRAP="true" group="1" >
			<SegmentInfo baseURL="http://www.aService.com/aMovie/HQ/" >
				<InitialisationSegmentURL sourceURL="http://www.aService.com/aMovie/Init.mp4"/>
				<Url sourceURL="Seg10.3gs"/>
				<Url sourceURL="Seg11.3gs"/>
				<Url sourceURL="Seg12.3gs"/>
				<!--  Media Segments in high quality available from
					 http://www.aService.com/aMovie/HQ/SegXX.3gs -->
			</SegmentInfo>
			<oipf:Components xsi:type="oipf:ComponentsType" >	
				<oipf:Component type="video" id="1"/>
				<oipf:Component type="audio" id="5" lang="en"/>
			</oipf:Components>
		</Representation>

		<Representation  bandwidth="2500000" mimeType="video/mp4" 
			startWithRAP="true" group="1">
			<SegmentInfo>
				<InitialisationSegmentURL sourceURL="http://www.aService.com/aMovie/Init.mp4"/>
				<Url sourceURL="http://www.aService.com/aMovie/LQ/Seg10.3gs"/>
				<Url sourceURL="http://www.aService.com/aMovie/LQ/Seg11.3gs"/>
				<Url sourceURL="http://www.aService.com/aMovie/LQ/Seg12.3gs"/>
				<!--  Media Segments in low quality  available from
					http://www.aService.com/aMovie/LQ/SegXX.3gs -->				
			</SegmentInfo>
			<oipf:Components>
				<oipf:Component type="video" id="2"/>
				<oipf:Component type="audio" id="5" lang="en"/>
			</oipf:Components>			
		</Representation>

		<Representation   bandwidth="125000" mimeType="video/mp4" 
			startWithRAP="true" group="2">
			<SegmentInfo>
				<InitialisationSegmentURL sourceURL="http://www.aService.com/aMovie/Init.mp4"/>
				<UrlTemplate startIndex="10" endIndex="12" id="FR"/>
				<!--  Media Segments with French audio available from
					http://www.aService.com/aMovie/FR/SegXX.3gs -->
			</SegmentInfo>
			<oipf:Components>
				<oipf:Component type="audio" id="6" lang="fr" />
			</oipf:Components>
		</Representation>
		
	</Period>
</MPD>

