<?xml version="1.0" encoding="UTF-8"?>
<dvb12:ServiceDiscovery 
	xsi:schemaLocation="urn:oipf:service:sdns:2010-1 ..\service-sdns.xsd" 
	xmlns:oipf="urn:oipf:service:sdns:2010-1" 
	xmlns:xsi="http://www.w3.org/2001/XMLSchema-instance" 
	xmlns:dvb="urn:dvb:metadata:iptv:sdns:2008-1" 
	xmlns:dvb12="urn:dvb:metadata:iptv:sdns:2012-1" 	
	xmlns:tva="urn:tva:metadata:2011">	
	<dvb12:BroadcastDiscovery DomainName="tv.service.com" Version="01">
		<dvb12:ServiceList>
			<dvb12:SingleService>
				<dvb12:ServiceLocation>
					<dvb12:IPMulticastAddress Address="239.255.42.42" Port="50002"/>
				</dvb12:ServiceLocation>
				<dvb12:TextualIdentifier ServiceName="CHANNEL_MOVIE1"/>
				<dvb12:DVBTriplet OrigNetId="167" ServiceId="1" TSId="1001"/>
				<dvb12:MaxBitrate>3000</dvb12:MaxBitrate>
				<dvb12:SI ServiceType="16">
					<dvb12:Name Language="ENG">Family channel</dvb12:Name>
				</dvb12:SI>
			</dvb12:SingleService>
			<dvb12:SingleService xsi:type="oipf:OIPFIPServiceType">
				<dvb12:ServiceLocation>
					<dvb12:IPMulticastAddress Address="239.255.42.42" Port="50000"/>
				</dvb12:ServiceLocation>
				<dvb12:TextualIdentifier ServiceName="CHANNEL_MOVIE2"/>
				<dvb12:DVBTriplet OrigNetId="167" ServiceId="1" TSId="11002"/>
				<dvb12:MaxBitrate>8000</dvb12:MaxBitrate>
				<dvb12:SI ServiceType="19">
					<dvb12:Name Language="ENG">Scary Movies</dvb12:Name>
				</dvb12:SI>
				<TimeToRenegotiate>PT30S</TimeToRenegotiate>
			</dvb12:SingleService>
			<dvb12:SingleService xsi:type="oipf:OIPFIPServiceType">
				<dvb12:ServiceLocation>
					<dvb12:IPMulticastAddress Address="239.255.42.42" Port="50006"/>
				</dvb12:ServiceLocation>
				<dvb12:TextualIdentifier ServiceName="CHANNEL_SPORT_SD"/>
				<dvb12:DVBTriplet OrigNetId="167" ServiceId="10" TSId="4029"/>
				<dvb12:MaxBitrate>3000</dvb12:MaxBitrate>
				<dvb12:SI ServiceType="16">
					<dvb12:Name Language="FRA">Sport</dvb12:Name>
				</dvb12:SI>
				<FileFormat href="urn:oipf:cs:ProtocolCS:2008">
					<tva:Name>igmp-rtp-udp</tva:Name>
				</FileFormat>
			</dvb12:SingleService>
			<dvb12:SingleService>
				<dvb12:ServiceLocation>
					<dvb12:IPMulticastAddress Address="239.255.42.42" Port="50004"/>
				</dvb12:ServiceLocation>
				<dvb12:TextualIdentifier ServiceName="CHANNEL_SPORT_HD"/>
				<dvb12:DVBTriplet OrigNetId="167" ServiceId="10" TSId="11003"/>
				<dvb12:MaxBitrate>8000</dvb12:MaxBitrate>
				<dvb12:SI ServiceType="19">
					<dvb12:Name Language="ENG">Sport HD</dvb12:Name>
				</dvb12:SI>
			</dvb12:SingleService>
		</dvb12:ServiceList>
	</dvb12:BroadcastDiscovery>
</dvb12:ServiceDiscovery>
