<?xml version="1.0" encoding="UTF-8"?>
<presence xmlns="urn:ietf:params:xml:ns:pidf" entity="sip:someone@example.com" xmlns:iptv="urn:oipf:service:oitfpresence:2011"  xmlns:oma="urn:oma:xml:prs:pidf:oma-pres" xmlns:pdm="urn:ietf:params:xml:ns:pidf:data-model" xmlns:xsi="http://www.w3.org/2001/XMLSchema-instance" xsi:schemaLocation="urn:ietf:params:xml:ns:pidf ..\informative\ns-pidf.xsd">
	<tuple id="abcde">
		<status>
			<basic>open</basic>
		</status>
		<oma:service-description>
			<oma:service-id>Broadcast-TV</oma:service-id>
			<oma:version>1.0</oma:version>
			<oma:description>Broadcast TV service</oma:description>
		</oma:service-description>
		<iptv:BroadcastTVService>
			<iptv:BroadcastTV Technology="DVB-T">
				<iptv:currentChannel>BCC</iptv:currentChannel>
				<iptv:currentProgram>News</iptv:currentProgram>
				<iptv:serviceID>BBC_ID</iptv:serviceID>
			</iptv:BroadcastTV>
		</iptv:BroadcastTVService>
		<timestamp>2008-07-08T12:34:21Z</timestamp>
	</tuple>
	<pdm:device id="aa111">
		<pdm:deviceID>
			urn:uuid:11162e19-5fbf-43fc-a2fd-d23002787599
		</pdm:deviceID>
		<pdm:timestamp>2008-07-08T12:34:21Z</pdm:timestamp>
	</pdm:device>
</presence>
