<?xml version="1.0" encoding="UTF-8"?>
<dvb12:ServiceDiscovery Version="00" 
	xsi:schemaLocation="urn:oipf:service:sdns:2010-1 ..\service-sdns.xsd" 
	xmlns:xsi="http://www.w3.org/2001/XMLSchema-instance" 
	xmlns:dvb="urn:dvb:metadata:iptv:sdns:2008-1" 
	xmlns:dvb12="urn:dvb:metadata:iptv:sdns:2012-1" >	
	<dvb12:PackageDiscovery DomainName="tv.service.com" Version="01">
		<dvb12:Package Visible="true" Id="2">
			<dvb12:PackageName Language="ENG">Premium bouquet</dvb12:PackageName>
			<dvb12:Service>
				<dvb12:TextualID ServiceName="CHANNEL_MOVIE1"/>
				<dvb12:LogicalChannelNumber>1</dvb12:LogicalChannelNumber>
			</dvb12:Service>		
			<dvb12:Service>
				<dvb12:TextualID ServiceName="CHANNEL_MOVIE2"/>
				<dvb12:LogicalChannelNumber>2</dvb12:LogicalChannelNumber>
			</dvb12:Service>		
			<dvb12:Service>
				<dvb12:TextualID ServiceName="CHANNEL_SPORT_SD"/>
				<dvb12:LogicalChannelNumber>3</dvb12:LogicalChannelNumber>
			</dvb12:Service>
			<dvb12:Service>
				<dvb12:TextualID ServiceName="CHANNEL_SPORT"/>
				<dvb12:LogicalChannelNumber>4</dvb12:LogicalChannelNumber>
			</dvb12:Service>
		</dvb12:Package>
	</dvb12:PackageDiscovery>
</dvb12:ServiceDiscovery>
