<?xml version="1.0" encoding="UTF-8"?>
<mis:ServiceDiscovery xmlns:xsi="http://www.w3.org/2001/XMLSchema-instance" xmlns:mis="urn:dvb:mhp:2009" xsi:schemaLocation="urn:oipf:service:sdns:2010-1 ..\service-sdns.xsd">
	<mis:ApplicationDiscovery DomainName="tv.service.com">
		<mis:ApplicationList>
			<mis:Application>
				<mis:appName Language="ENG">TV Service Portal</mis:appName>
				<mis:applicationIdentifier>
					<mis:orgId>100</mis:orgId>
					<mis:appId>002</mis:appId>
				</mis:applicationIdentifier>
				<mis:applicationDescriptor>
					<mis:type>
						<mis:OtherApp>application/vnd.oipf.dae+xml</mis:OtherApp>
					</mis:type>
					<mis:controlCode>AUTOSTART</mis:controlCode>
					<mis:visibility>VISIBLE_ALL</mis:visibility>
					<mis:serviceBound>false</mis:serviceBound>
					<mis:priority>1</mis:priority>
					<mis:version>01</mis:version>
				<!-- Required - OIPF specifications version defined in META  -->
					<mis:mhpVersion>
						<mis:profile>1</mis:profile>
						<mis:versionMajor>2</mis:versionMajor>
						<mis:versionMinor>1</mis:versionMinor>
						<mis:versionMicro>0</mis:versionMicro>
					</mis:mhpVersion>
					<mis:icon mis:filename="http://195.238.226.223/img/logo_application.gif" mis:aspectRatio="1_1" />
				<!-- Required - application Boundary defines the URL prefix - Any URLs matching this prefix are considered to be within the application boundary -->
				</mis:applicationDescriptor>
<!---				<mis:applicationUsageDescriptor></mis:applicationUsageDescriptor> -->
				<mis:applicationBoundary>
					<mis:BoundaryExtension>http://195.238.226.223/</mis:BoundaryExtension>
				</mis:applicationBoundary>
				<!-- Required - applicationTransport defines transport type, here HTTP -->
				<mis:applicationTransport xsi:type="mis:HTTPTransportType">
					<mis:URLBase>http://195.238.226.223/app/</mis:URLBase>		
				</mis:applicationTransport>
				<!-- Required - applicationLocation defines the location of first page -->
				<mis:applicationLocation>index.html</mis:applicationLocation>
			</mis:Application>
		</mis:ApplicationList>
	</mis:ApplicationDiscovery>
</mis:ServiceDiscovery>
