<?xml version="1.0" encoding="UTF-8"?>
<dvb12:ServiceDiscovery 
	xsi:schemaLocation="urn:oipf:service:sdns:2010-1 ..\service-sdns.xsd" 
	xmlns:xsi="http://www.w3.org/2001/XMLSchema-instance" 
	xmlns:oipf="urn:oipf:service:sdns:2010-1" 
	xmlns:dvb="urn:dvb:metadata:iptv:sdns:2008-1" 
	xmlns:dvb12="urn:dvb:metadata:iptv:sdns:2012-1" 	
	xmlns:mis="urn:dvb:mhp:2009" >
	<dvb12:ServiceProviderDiscovery>
		<dvb:ServiceProvider  DomainName="tv.service.com" LogoURI="http://195.238.226.223/img/logo_service.gif" Version="00" xsi:type="oipf:ServiceProviderType">
			<dvb:Name Language="ENG">TV Service</dvb:Name>
			<dvb:Description Language="ENG">Service Provider DSL IPTV Offer</dvb:Description>
			<dvb:Offering>
			<!--  Brodcast Discovery Information -->
				<dvb:Pull Location="195.238.226.223/dvb/sdns">
					<dvb:PayloadId Id="2">
						<dvb:Segment ID="1" Version="01"/>
					</dvb:PayloadId>
				</dvb:Pull>
			<!--  Package Discovery Information  -->
				<dvb:Pull Location="195.238.226.223/dvb/sdns">
					<dvb:PayloadId Id="5">
						<dvb:Segment ID="1" Version="01"/>
					</dvb:PayloadId>
				</dvb:Pull>
			<!-- Application Discovery Information -->
				<dvb:Pull Location="195.238.226.223/dvb/sdns" >
					<dvb:PayloadId Id="C1">
						<dvb:Segment ID="1" Version="01"/>
					</dvb:PayloadId>
				</dvb:Pull>
			</dvb:Offering>
			<mis:AbstractService>
			   <mis:svcName Language="ENG">TV Service Portal</mis:svcName>
			   <mis:svcId>A1B2C3</mis:svcId>
			   <mis:isAutoSelect>true</mis:isAutoSelect>
				<mis:ApplicationList>
					<mis:ApplicationReference>
						<mis:orgId>100</mis:orgId>
						<mis:appId>002</mis:appId>
					</mis:ApplicationReference>
				</mis:ApplicationList>
			</mis:AbstractService>
			<EmergencyNotificationService>
				<SDPURL>195.238.226.223/ems/emergency_svcs.spd</SDPURL>
			</EmergencyNotificationService>
		</dvb:ServiceProvider>
	</dvb12:ServiceProviderDiscovery>
</dvb12:ServiceDiscovery>
