<?xml version="1.0" encoding="UTF-8"?>
<ClassificationScheme uri="urn:oipf:cs:AudioCodingFormatCS:2010">
	<!-- schema filename is  cs-AudioCodingFormatCS.xml -->
	<!--
		This schema is copyrighted by the Open IPTV Forum ("OIPF") and distributed in conjunction 
		with Release 2 of the IPTV Solution Specification. 
	
		Disclaimer
		The Open IPTV Forum accepts no liability whatsoever for any use of this document.
		This specification provides multiple options for some features. The Open IPTV Forum Profiling 
		specification will complement the Release 2 specifications by defining the Open IPTV Forum 
		implementation and deployment profiles.
	
		Copyright Notification
		No part may be reproduced except as authorized by written permission.
		Any form of reproduction and/or distribution of these works is prohibited.
		Copyright 2011 © Open IPTV Forum e.V.
		All rights reserved.
	-->
	<Term termId="HE_AAC">
		<Name xml:lang="en">HE_AAC</Name>
		<Definition xml:lang="en">HE-AAC and AAC audio coding</Definition>
	</Term>
	<Term termId="HE_AAC2">
		<Name xml:lang="en">HE_AAC2</Name>
		<Definition xml:lang="en">HE-AACv2 audio coding</Definition>
	</Term>
	<Term termId="HE_AAC_MPS">
		<Name xml:lang="en">HE_AAC_MPS</Name>
		<Definition xml:lang="en">HE-AAC with MPEG surround audio coding</Definition>
	</Term>
	<Term termId="AC3">
		<Name xml:lang="en">AC3</Name>
		<Definition xml:lang="en">AC3 audio coding</Definition>
	</Term>
	<Term termId="EAC3">
		<Name xml:lang="en">EAC3</Name>
		<Definition xml:lang="en">Enhanced AC3 audio coding</Definition>
	</Term>
	<Term termId="MPEG1_L2">
		<Name xml:lang="en">MPEG1_L2</Name>
		<Definition xml:lang="en">MPEG-1 Layer II audio coding</Definition>
	</Term>
	<Term termId="MPEG1_L2_MPS">
		<Name xml:lang="en">MPEG1_L2_MPS</Name>
		<Definition xml:lang="en">
			MPEG-1 Layer II with MPEG surround audio coding
		</Definition>
	</Term>
	<Term termId="MPEG1_L3">
		<Name xml:lang="en">MPEG1_L3</Name>
		<Definition xml:lang="en">MPEG-1 Layer III audio coding</Definition>
	</Term>
	<Term termId="WAV">
		<Name xml:lang="en">WAV</Name>
		<Definition xml:lang="en">WAV audio coding</Definition>
	</Term>
	<Term termId="DTS">
		<Name xml:lang="en">DTS</Name>
		<Definition xml:lang="en">DTS audio coding</Definition>
	</Term>
	<Term termId="AMR">
		<Name xml:lang="en">AMR</Name>
		<Definition xml:lang="en">AMR audio coding</Definition>
	</Term>
	<Term termId="AMR_WB">
		<Name xml:lang="en">AMR_WB</Name>
		<Definition xml:lang="en">AMR Wideband audio coding</Definition>
	</Term>
	<Term termId="AMR_WB+">
		<Name xml:lang="en">AMR_WB+</Name>
		<Definition xml:lang="en">Extended AMR Wideband audio coding</Definition>
	</Term>
</ClassificationScheme>
