<?xml version="1.0" encoding="UTF-8"?>
<ClassificationScheme uri="urn:oipf:cs:ApplicationUsageCS:2010">
	<!-- schema filename is  cs-ApplicationUsageCS.xml -->
	<!--
		This schema is copyrighted by the Open IPTV Forum ("OIPF") and distributed in conjunction 
		with Release 2 of the IPTV Solution Specification. 
	
		Disclaimer
		The Open IPTV Forum accepts no liability whatsoever for any use of this document.
		This specification provides multiple options for some features. The Open IPTV Forum Profiling 
		specification will complement the Release 2 specifications by defining the Open IPTV Forum 
		implementation and deployment profiles.
	
		Copyright Notification
		No part may be reproduced except as authorized by written permission.
		Any form of reproduction and/or distribution of these works is prohibited.
		Copyright 2011 © Open IPTV Forum e.V.
		All rights reserved.
	-->
	<Term termId="servicediscovery">
		<Name xml:lang="en">Service Discovery</Name>
		<Definition xml:lang="en">
			Application provides Service Discovery information
		</Definition>
	</Term>
	<Term termId="vod">
		<Name xml:lang="en">VoD Guide Application</Name>
		<Definition xml:lang="en">Application providing VoD content guide</Definition>
	</Term>
	<Term termId="epg">
		<Name xml:lang="en">EPG Guide Application</Name>
		<Definition xml:lang="en">Application providing EPG content guide</Definition>
	</Term>
	<Term termId="communication">
		<Name xml:lang="en">Communication Application</Name>
		<Definition xml:lang="en">Application providing communication services.</Definition>
	</Term>
	<Term termId="hni-igi">
		<Name xml:lang="en">HNI-IGI Application</Name>
		<Definition xml:lang="en">
			Application providing non-native HNI-IGI functionality.
		</Definition>
	</Term>
	<Term termId="ngnotification">
		<Name xml:lang="en">NG Notification Application</Name>
		<Definition xml:lang="en">
			Application providing NG notification services.
		</Definition>
	</Term>
</ClassificationScheme>
