<?xml version="1.0" encoding="UTF-8"?>
<ClassificationScheme uri="urn:oipf:cs:AVMediaFormatCS:2008">
	<!-- schema filename is  cs-AVMediaFormatCS.xml -->
	<!--
		This schema is copyrighted by the Open IPTV Forum ("OIPF") and distributed in conjunction 
		with Release 2 of the IPTV Solution Specification. 
	
		Disclaimer
		The Open IPTV Forum accepts no liability whatsoever for any use of this document.
		This specification provides multiple options for some features. The Open IPTV Forum Profiling 
		specification will complement the Release 2 specifications by defining the Open IPTV Forum 
		implementation and deployment profiles.
	
		Copyright Notification
		No part may be reproduced except as authorized by written permission.
		Any form of reproduction and/or distribution of these works is prohibited.
		Copyright 2011 © Open IPTV Forum e.V.
		All rights reserved.
	-->
	<Term termId="TS">
		<Name xml:lang="en">TS</Name>
		<Definition xml:lang="en">MPEG-2 transport stream</Definition>
	</Term>
	<Term termId="TS_BBTS">
		<Name xml:lang="en">TS_BBTS</Name>
		<Definition xml:lang="en">MPEG-2 transport stream, Marlin BB TS with AES encryption</Definition>
	</Term>
	<Term termId="TS_PF">
		<Name xml:lang="en">TS_PF</Name>
		<Definition xml:lang="en">MPEG-2 protected transport stream</Definition>
	</Term>
	<Term termId="TTS">
		<Name xml:lang="en">TTS</Name>
		<Definition xml:lang="en">MPEG-2 time stamped transport stream</Definition>
	</Term>
	<Term termId="TTS_BBTS">
		<Name xml:lang="en">TTS_BBTS</Name>
		<Definition xml:lang="en">MPEG-2 time stamped transport stream, Marlin BB TS with AES encryption</Definition>
	</Term>
	<Term termId="TTS_PF">
		<Name xml:lang="en">TTS_PF</Name>
		<Definition xml:lang="en">MPEG-2 time stamped protected transport stream</Definition>
	</Term>
	<Term termId="MP4">
		<Name xml:lang="en">MP4</Name>
		<Definition xml:lang="en">MP4 File Format</Definition>
	</Term>
	<Term termId="MP4_PDCF">
		<Name xml:lang="en">MP4_PDCF</Name>
		<Definition xml:lang="en">MP4 File Format, OMA PDCF</Definition>
	</Term>
	<Term termId="MP4_MIPMP">
		<Name xml:lang="en">MP4_MIPMP</Name>
		<Definition xml:lang="en">MP4 File Format, Marlin IP MP format</Definition>
	</Term>
	<Term termId="MP4_DCF">
		<Name xml:lang="en">MP4_DCF</Name>
		<Definition xml:lang="en">MP4 File Format, OMA DCF</Definition>
	</Term>
</ClassificationScheme>
