<?xml version="1.0" encoding="UTF-8"?>
<ClassificationScheme uri="urn:oipf:cs:GermanyFSKCS:2008" 
	domain="//CreationInformation/Classification/ParentalGuidance/ParentalRating">
	<!-- schema filename is  cs-GermanyFSKCS.xml -->
	<!--
		This schema is copyrighted by the Open IPTV Forum ("OIPF") and distributed in conjunction 
		with Release 2 of the IPTV Solution Specification. 
	
		Disclaimer
		The Open IPTV Forum accepts no liability whatsoever for any use of this document.
		This specification provides multiple options for some features. The Open IPTV Forum Profiling 
		specification will complement the Release 2 specifications by defining the Open IPTV Forum 
		implementation and deployment profiles.
	
		Copyright Notification
		No part may be reproduced except as authorized by written permission.
		Any form of reproduction and/or distribution of these works is prohibited.
		Copyright 2011 © Open IPTV Forum e.V.
		All rights reserved.
	-->
	<Description xml:lang="en">Thesaurus for movie rating</Description>
	<Term termId="0">
		<Name xml:lang="en">0</Name>
		<Definition xml:lang="en">Released without age restriction</Definition>
	</Term>
	<Term termId="6">
		<Name xml:lang="en">6</Name>
		<Definition xml:lang="en">Released to age 6 or older</Definition>
	</Term>
	<Term termId="12">
		<Name xml:lang="en">12</Name>
		<Definition xml:lang="en">Released to age 12 or older and to age 6 or older with parental guidance</Definition>
	</Term>
	<Term termId="16">
		<Name xml:lang="en">16</Name>
		<Definition xml:lang="en">Released to age 16 or older</Definition>
	</Term>
	<Term termId="18">
		<Name xml:lang="en">18</Name>
		<Definition xml:lang="en">No release to youths (released to age 18 or older)</Definition>
	</Term>
</ClassificationScheme>
