<?xml version="1.0" encoding="UTF-8"?>
<ClassificationScheme uri="urn:oipf:cs:ProtocolCS:2012">
	<!-- schema filename is  cs-ProtocolCS.xml -->
	<!--
		This schema is copyrighted by the Open IPTV Forum ("OIPF") and distributed in conjunction 
		with Release 2 of the IPTV Solution Specification. 
	
		Disclaimer
		The Open IPTV Forum accepts no liability whatsoever for any use of this document.
		This specification provides multiple options for some features. The Open IPTV Forum Profiling 
		specification will complement the Release 2 specifications by defining the Open IPTV Forum 
		implementation and deployment profiles.
	
		Copyright Notification
		No part may be reproduced except as authorized by written permission.
		Any form of reproduction and/or distribution of these works is prohibited.
		Copyright 2011 © Open IPTV Forum e.V.
		All rights reserved.
	-->
	<Term termId="sip-igmp-rtp-udp">
		<Name xml:lang="en">sip-igmp-rtp-udp </Name>
		<Definition xml:lang="en">Multicast Streaming over RTP with SIP session management</Definition>
	</Term>
	<Term termId="sip-igmp-udp">
		<Name xml:lang="en">sip-igmp-udp</Name>
		<Definition xml:lang="en">Multicast Streaming over UDP with SIP session management</Definition>
	</Term>
	<Term termId="sip-rtsp-rtp-udp">
		<Name xml:lang="en">sip-rtsp-rtp-udp</Name>
		<Definition xml:lang="en">Unicast CoD Streaming over RTP with SIP session management</Definition>
	</Term>
	<Term termId="sip-rtsp-udp">
		<Name xml:lang="en">sip-rtsp-udp</Name>
		<Definition xml:lang="en">Unicast Streaming over direct UDP with SIP session management</Definition>
	</Term>
	<Term termId="igmp-rtp-udp">
		<Name xml:lang="en">igmp-rtp-udp </Name>
		<Definition xml:lang="en">Multicast Streaming over RTP</Definition>
	</Term>
	<Term termId="igmp-udp">
		<Name xml:lang="en">igmp-udp</Name>
		<Definition xml:lang="en">Multicast Streaming over UDP</Definition>
	</Term>
	<Term termId="rtsp-rtp-udp">
		<Name xml:lang="en">rtsp-rtp-udp</Name>
		<Definition xml:lang="en">Unicast Streaming over RTP</Definition>
	</Term>
	<Term termId="http-get">
		<Name xml:lang="en">http-get</Name>
		<Definition xml:lang="en">Unicast Streaming/Download over HTTP</Definition>
	</Term>
	<Term termId="dash">
		<Name xml:lang="en">dash</Name>
		<Definition xml:lang="en">Dynanic adaptive streaming over HTTP</Definition>
	</Term>
	<Term termId="has">
		<Name xml:lang="en">has</Name>
		<Definition xml:lang="en">OIPF HTTP Adaptive Streaming</Definition>
	</Term>
</ClassificationScheme>
