<?xml version="1.0" encoding="UTF-8"?>
<ClassificationScheme uri="urn:oipf:cs:VisualCodingFormatCS:2013">
	<!-- schema filename is  cs-VisualCodingFormatCS.xml -->
	<!--
		This schema is copyrighted by the Open IPTV Forum ("OIPF") and distributed in conjunction 
		with Release 2 of the IPTV Solution Specification. 
	
		Disclaimer
		The Open IPTV Forum accepts no liability whatsoever for any use of this document.
		This specification provides multiple options for some features. The Open IPTV Forum Profiling 
		specification will complement the Release 2 specifications by defining the Open IPTV Forum 
		implementation and deployment profiles.

		Copyright Notification
		No part may be reproduced except as authorized by written permission.
		Any form of reproduction and/or distribution of these works is prohibited.
		Copyright 2013 © Open IPTV Forum e.V.
		All rights reserved.
	-->
	<Term termId="AVC_HD_25">
		<Name xml:lang="en">AVC_HD_25</Name>
		<Definition xml:lang="en">
			H.264/AVC video coding, High Definition, 25Hz systems
		</Definition>
	</Term>
	<Term termId="AVC_HD_30">
		<Name xml:lang="en">AVC_HD_30</Name>
		<Definition xml:lang="en">
			H.264/AVC video coding, High Definition, 30Hz systems
		</Definition>
	</Term>
	<Term termId="AVC_SD_25">
		<Name xml:lang="en">AVC_SD_25</Name>
		<Definition xml:lang="en">
			H.264/AVC video coding, Standard Definition, 25Hz systems
		</Definition>
	</Term>
	<Term termId="AVC_SD_30">
		<Name xml:lang="en">AVC_SD_30</Name>
		<Definition xml:lang="en">
			H.264/AVC video coding, Standard Definition, 30Hz systems
		</Definition>
	</Term>
	<Term termId="AVC_SP_25">
		<Name xml:lang="en">AVC_SP_25</Name>
		<Definition xml:lang="en">
			H.264/AVC video coding, Sub-Picture, 25Hz systems
		</Definition>
	</Term>
	<Term termId="AVC_SP_30">
		<Name xml:lang="en">AVC_SP_30</Name>
		<Definition xml:lang="en">
			H.264/AVC video coding, Sub-Picture, 30Hz systems
		</Definition>
	</Term>
	<Term termId="AVC_3D_25">
		<Name xml:lang="en">AVC_3D_25</Name>
		<Definition xml:lang="en">
			H.264/AVC video coding, 3D, 25Hz systems
		</Definition>
	</Term>
	<Term termId="AVC_3D_30">
		<Name xml:lang="en">AVC_3D_30</Name>
		<Definition xml:lang="en">
			H.264/AVC video coding, 3D, 30Hz systems
		</Definition>
	</Term>
	<Term termId="MPEG2_HD_25">
		<Name xml:lang="en">MPEG2_HD_25</Name>
		<Definition xml:lang="en">
			MPEG-2 video coding, High Definition, 25Hz systems
		</Definition>
	</Term>
	<Term termId="MPEG2_SD_25">
		<Name xml:lang="en">MPEG2_SD_25</Name>
		<Definition xml:lang="en">
			MPEG-2 video coding, Standard Definition, 25Hz systems
		</Definition>
	</Term>
	<Term termId="MPEG2_SP_25">
		<Name xml:lang="en">MPEG2_SP_25</Name>
		<Definition xml:lang="en">
			MPEG-2 video coding, Sub-Picture, 25Hz systems
		</Definition>
	</Term>
</ClassificationScheme>
